City_ID,City,Lat,Lng,Max Temp,Humidity,Cloudiness,Wind Speed,Country,Date
0,castro,-24.7911,-50.0119,7.55,93,67,4.32,BR,1667446018
1,kyra,49.5776,111.9753,-2.64,46,1,2.6,RU,1667446019
2,hermanus,-34.4187,19.2345,16.56,88,31,3.22,ZA,1667446020
3,hilo,19.7297,-155.09,26.85,81,20,3.6,US,1667446020
4,hobart,-42.8794,147.3294,17.81,51,75,8.23,AU,1667445851
5,east london,-33.0153,27.9116,17.52,94,0,3.09,ZA,1667446020
6,yellowknife,62.456,-114.3525,-11.71,79,100,6.69,CA,1667445920
7,high rock,26.6208,-78.2833,23.01,77,25,5.9,BS,1667446021
8,tromso,69.6496,18.957,5.01,81,49,3.6,NO,1667446022
9,ahuimanu,21.4447,-157.8378,28.84,71,40,6.69,US,1667446023
10,bathsheba,13.2167,-59.5167,27.34,83,75,6.17,BB,1667446023
11,saldanha,-33.0117,17.9442,16.03,94,16,3.87,ZA,1667446024
12,butaritari,3.0707,172.7902,27.49,66,79,6.54,KI,1667446024
13,oshawa,43.9001,-78.8496,9.23,100,100,2.57,CA,1667446025
14,kruisfontein,-34.0033,24.7314,17.7,85,100,0.86,ZA,1667446025
15,port macquarie,-31.4333,152.9167,21.05,46,31,3.47,AU,1667445853
16,bluff,-46.6,168.3333,13.61,60,71,12.14,NZ,1667446025
17,mataura,-46.1927,168.8643,14.78,73,76,3.39,NZ,1667446026
18,klaksvik,62.2266,-6.589,8.51,93,100,6.28,FO,1667446026
19,makakilo city,21.3469,-158.0858,28.18,63,75,6.69,US,1667446027
20,coihaique,-45.5752,-72.0662,11.34,89,9,0.98,CL,1667446027
21,macara,-4.3833,-79.95,20.79,66,100,0.94,EC,1667446027
22,bahia blanca,-38.7196,-62.2724,15.69,37,0,3.09,AR,1667446028
23,thompson,55.7435,-97.8558,-3.91,86,100,8.23,CA,1667446028
24,port augusta,-32.5,137.7667,18.7,45,28,4.85,AU,1667446029
25,vaini,-21.2,-175.2,25.09,88,100,4.12,TO,1667446029
26,dikson,73.5069,80.5464,-1.04,98,100,6.52,RU,1667446029
27,cape town,-33.9258,18.4232,15.62,88,0,1.34,ZA,1667446030
28,albany,42.6001,-73.9662,10.17,68,34,0.92,US,1667446030
29,qaanaaq,77.484,-69.3632,-16.31,70,73,3.67,GL,1667446030
30,lebu,-37.6167,-73.65,11.6,95,18,0.91,CL,1667446031
31,yuanping,38.7153,112.7575,10.29,27,19,3.5,CN,1667446031
32,dinslaken,51.5667,6.7333,11.81,83,100,5.85,DE,1667446031
33,kapaa,22.0752,-159.319,27.99,81,20,5.14,US,1667446032
34,kudahuvadhoo,2.6708,72.8944,27.44,78,73,6.34,MV,1667446032
35,srednekolymsk,67.45,153.6833,-24.84,91,8,1.01,RU,1667446033
36,mapiripan,2.8892,-72.1256,18.94,95,100,4.14,CO,1667446033
37,rikitea,-23.1203,-134.9692,20.89,64,100,6.35,PF,1667446033
38,ponta do sol,32.6667,-17.1,20.56,89,90,0.17,PT,1667446034
39,paidha,2.4167,30.9855,15.63,90,100,1.65,UG,1667446034
40,koshurnikovo,54.1667,93.3,-1.22,62,92,0.98,RU,1667446035
41,bambous virieux,-20.3428,57.7575,24.56,73,40,4.12,MU,1667446035
42,san patricio,28.017,-97.5169,23.93,89,88,1.22,US,1667446036
43,whitehorse,60.7161,-135.0538,-2.57,74,75,12.86,CA,1667445813
44,upernavik,72.7868,-56.1549,-9.73,50,28,2.09,GL,1667446036
45,amqui,48.4638,-67.4313,1.28,61,3,3.93,CA,1667446036
46,tiksi,71.6872,128.8694,-12.41,89,100,3.41,RU,1667446037
47,barrow,71.2906,-156.7887,-8.99,86,100,3.09,US,1667446038
48,sorland,67.667,12.6934,8.52,84,100,6.35,NO,1667446038
49,bredasdorp,-34.5322,20.0403,17.62,96,92,3.06,ZA,1667446039
50,hirara,24.8,125.2833,27.15,78,75,5.66,JP,1667445751
51,havre-saint-pierre,50.2334,-63.5986,3.0,44,0,5.14,CA,1667446039
52,golden,39.7555,-105.2211,15.53,30,20,3.6,US,1667446040
53,birjand,32.8663,59.2211,14.26,35,0,4.12,IR,1667446040
54,calama,-22.4667,-68.9333,9.27,15,0,6.69,CL,1667445974
55,monywa,22.1167,95.1333,25.86,61,0,2.36,MM,1667446041
56,predivinsk,57.0669,93.4378,-0.82,84,100,1.26,RU,1667446041
57,atuona,-9.8,-139.0333,25.14,77,15,6.68,PF,1667446042
58,busselton,-33.65,115.3333,21.6,53,100,3.09,AU,1667445798
59,victoria,22.2855,114.1577,23.31,94,100,2.68,HK,1667445836
60,jieshi,22.8134,115.8257,22.33,84,100,10.59,CN,1667446042
61,port alfred,-33.5906,26.891,19.72,82,100,2.37,ZA,1667446043
62,rocha,-34.4833,-54.3333,9.72,63,0,1.3,UY,1667446043
63,punta arenas,-53.15,-70.9167,10.06,57,0,10.29,CL,1667446043
64,saint-philippe,-21.3585,55.7679,24.77,80,41,5.76,RE,1667446044
65,hoogstraten,51.4021,4.7618,12.97,81,100,3.58,BE,1667446044
66,shimanovsk,52.0,127.7,-5.56,64,100,5.7,RU,1667446045
67,ambatondrazaka,-17.8333,48.4167,17.05,83,31,0.25,MG,1667446045
68,port elizabeth,-33.918,25.5701,16.29,99,20,2.06,ZA,1667445750
69,ushuaia,-54.8,-68.3,7.81,66,20,16.98,AR,1667446045
70,zeya,53.75,127.2667,-4.32,55,68,3.5,RU,1667446046
71,broome,42.2506,-75.833,12.21,77,0,2.06,US,1667446046
72,ixtapa,20.7,-105.2,23.57,78,0,0.0,MX,1667446046
73,norman wells,65.282,-126.8329,-11.98,72,75,8.23,CA,1667446047
74,anju,39.6178,125.6647,8.72,29,98,4.7,KP,1667446047
75,muriwai beach,-36.8167,174.45,20.53,72,85,4.06,NZ,1667446048
76,dunda,-8.1167,34.25,16.85,56,15,1.33,TZ,1667446048
77,kloulklubed,7.0419,134.2556,26.28,71,64,0.62,PW,1667446048
78,phuket,8.0,98.25,29.49,54,20,3.6,TH,1667445892
79,souillac,-20.5167,57.5167,24.21,73,40,4.12,MU,1667446049
80,nantucket,41.2835,-70.0995,13.41,84,0,5.14,US,1667446050
81,kamaishi,39.2667,141.8833,17.15,62,59,6.35,JP,1667446050
82,chokurdakh,70.6333,147.9167,-18.32,87,100,3.43,RU,1667446051
83,kodiak,57.79,-152.4072,3.73,60,75,5.66,US,1667446052
84,baracoa,20.3467,-74.4958,26.43,85,79,5.25,CU,1667446052
85,tela,15.7833,-87.45,24.57,90,100,1.36,HN,1667446053
86,puerto ayora,-0.7393,-90.3518,19.89,84,87,3.97,EC,1667446053
87,noyon,49.5833,3.0,12.36,81,100,5.94,FR,1667446053
88,tahta,26.7693,31.5021,17.2,57,3,3.34,EG,1667446054
89,katsuura,35.1333,140.3,22.51,65,18,8.52,JP,1667445760
90,talnakh,69.4865,88.3972,-15.82,97,100,3.71,RU,1667446054
91,nevsehir,38.9167,34.6667,0.56,69,0,4.12,TR,1667446055
92,verkhovazhye,60.7472,42.0465,-1.84,89,100,2.73,RU,1667446056
93,tautira,-17.7333,-149.15,24.19,86,97,7.97,PF,1667446056
94,georgetown,5.4112,100.3354,29.38,78,20,1.54,MY,1667445819
95,beringovskiy,63.05,179.3167,-11.05,88,84,3.4,RU,1667446057
96,votice,49.6401,14.6381,4.42,88,56,1.59,CZ,1667446057
97,storforshei,66.4043,14.5233,9.88,66,100,3.6,NO,1667446058
98,te anau,-45.4167,167.7167,11.83,65,52,4.75,NZ,1667446059
99,saskylakh,71.9167,114.0833,-14.44,91,100,6.05,RU,1667446059
100,sur,22.5667,59.5289,26.06,48,14,2.73,OM,1667446059
101,balkhash,46.844,74.9804,1.34,80,0,3.0,KZ,1667446060
102,nhulunbuy,-12.2333,136.7667,34.34,52,40,7.2,AU,1667446061
103,nahrin,36.0649,69.1334,13.79,70,89,0.52,AF,1667446061
104,oranjemund,-28.55,16.4333,13.92,90,59,3.44,NA,1667446062
105,ayan,56.45,138.1667,0.85,82,100,8.06,RU,1667446062
106,gopamau,27.55,80.2833,23.03,58,0,1.48,IN,1667446062
107,machiques,10.0644,-72.545,24.52,89,81,2.25,VE,1667446063
108,sao filipe,14.8961,-24.4956,26.33,69,70,2.27,CV,1667446063
109,xiazhen,34.8022,117.1117,18.09,39,94,4.12,CN,1667446064
110,sisimiut,66.9395,-53.6735,-7.68,58,2,5.8,GL,1667446064
111,okhotsk,59.3833,143.3,-2.43,95,100,3.87,RU,1667446064
112,nalut,30.3333,10.85,15.36,42,0,3.56,LY,1667446065
113,ilulissat,69.2167,-51.1,-7.99,53,6,2.06,GL,1667446065
114,pimentel,-6.8367,-79.9342,17.05,85,16,4.88,PE,1667446065
115,sawakin,19.1059,37.3321,27.02,68,84,5.38,SD,1667446066
116,darhan,49.4867,105.9228,-2.49,51,0,3.84,MN,1667446067
117,lorengau,-2.0226,147.2712,30.44,62,41,1.52,PG,1667446067
118,porto ferreira,-21.8539,-47.4792,13.62,89,97,6.39,BR,1667446067
119,iqaluit,63.7506,-68.5145,-7.15,86,100,15.43,CA,1667446068
120,mar del plata,-38.0023,-57.5575,12.83,92,75,6.26,AR,1667446068
121,arnprior,45.4334,-76.3494,7.41,71,47,1.96,CA,1667446069
122,lazaro cardenas,17.9583,-102.2,25.45,85,2,1.56,MX,1667446069
123,cacapava do sul,-30.5122,-53.4914,7.26,89,0,1.24,BR,1667446069
124,acapulco,16.8634,-99.8901,26.9,78,0,2.06,MX,1667446070
125,khatanga,71.9667,102.5,-9.13,93,100,8.34,RU,1667446070
126,baykit,61.67,96.37,-6.06,87,100,1.53,RU,1667446070
127,kuito,-12.3833,16.9333,15.23,97,100,1.45,AO,1667446071
128,dubreka,9.7911,-13.5233,22.98,88,6,1.12,GN,1667446071
129,najran,17.4924,44.1277,15.36,42,4,0.28,SA,1667446072
130,caravelas,-17.7125,-39.2481,21.81,91,100,7.21,BR,1667446072
131,waycross,31.2136,-82.354,20.14,94,0,0.0,US,1667446072
132,bandarbeyla,9.4942,50.8122,25.38,75,17,0.83,SO,1667446073
133,tura,25.5198,90.2201,23.57,76,92,0.63,IN,1667446073
134,nikolskoye,59.7035,30.7861,4.95,88,100,1.45,RU,1667446073
135,coahuayana,18.7333,-103.6833,24.28,88,37,0.73,MX,1667446074
136,jega,12.2175,4.3792,25.29,27,95,4.04,NG,1667446074
137,vila velha,-20.3297,-40.2925,19.97,96,100,8.23,BR,1667446075
138,maneciu,45.3167,25.9833,8.84,80,63,1.96,RO,1667446075
139,constitucion,-35.3333,-72.4167,11.23,90,4,1.83,CL,1667446075
140,cidreira,-30.1811,-50.2056,12.91,70,0,0.68,BR,1667446076
141,andenes,69.3143,16.1194,5.99,87,100,4.63,NO,1667446076
142,lima,-12.0432,-77.0282,16.14,72,100,3.6,PE,1667446077
143,aklavik,68.2191,-135.0107,-21.55,93,100,5.22,CA,1667446077
144,sao joao da barra,-21.6403,-41.0511,18.98,86,100,9.24,BR,1667446077
145,weymouth,42.2209,-70.9398,12.84,84,0,2.06,US,1667446078
146,brae,60.3964,-1.353,10.12,82,52,9.69,GB,1667446078
147,yanam,16.7333,82.2167,26.48,84,98,2.25,IN,1667446078
148,hasaki,35.7333,140.8333,25.68,61,0,8.49,JP,1667446079
149,zyryanka,65.75,150.85,-19.53,86,64,3.98,RU,1667446080
150,dalvik,65.9702,-18.5286,2.96,99,100,3.73,IS,1667446080
151,carnarvon,-24.8667,113.6333,28.41,29,0,2.62,AU,1667446080
152,wazirabad,32.4458,74.1159,18.36,39,3,1.66,PK,1667446081
153,mayumba,-3.432,10.6554,23.44,93,100,2.74,GA,1667446081
154,chimoio,-19.1164,33.4833,18.2,95,100,1.22,MZ,1667446081
155,barcelos,41.5388,-8.6151,15.08,94,100,5.98,PT,1667446082
156,hovd,48.0056,91.6419,-1.04,58,2,0.53,MN,1667446082
157,comodoro rivadavia,-45.8667,-67.5,8.92,66,0,1.03,AR,1667446083
158,torbay,47.6666,-52.7314,5.32,88,100,7.72,CA,1667446083
159,avarua,-21.2078,-159.775,25.03,69,75,7.2,CK,1667446083
160,tabou,4.423,-7.3528,24.73,90,90,2.43,CI,1667446084
161,huanren,41.2647,125.3667,2.76,27,65,3.37,CN,1667446084
162,coquimbo,-29.9533,-71.3436,13.85,88,100,2.57,CL,1667446084
163,chuy,-33.6971,-53.4616,9.76,62,0,1.48,UY,1667446085
164,cayenne,4.9333,-52.3333,24.02,100,100,0.0,GF,1667446085
165,tuktoyaktuk,69.4541,-133.0374,-13.0,85,75,6.69,CA,1667446086
166,beyneu,45.3167,55.2,6.48,71,100,6.46,KZ,1667446086
167,qasigiannguit,68.8193,-51.1922,-7.86,69,3,2.85,GL,1667446086
168,mitu,1.1983,-70.1733,18.18,97,100,1.9,CO,1667446087
169,alofi,-19.0595,-169.9187,24.94,88,100,6.17,NU,1667446087
170,quatre cocos,-20.2078,57.7625,24.49,75,18,5.6,MU,1667446087
171,cabo san lucas,22.8909,-109.9124,25.28,74,0,3.6,MX,1667446088
172,saint-georges,12.0564,-61.7485,26.82,89,20,5.66,GD,1667446088
173,saint-pierre,-21.3393,55.4781,24.82,65,0,2.57,RE,1667446088
174,sabang,5.8933,95.3214,27.25,75,99,4.49,ID,1667446089
175,vostok,46.4856,135.8833,-3.9,51,85,7.04,RU,1667446089
176,tibati,6.4667,12.6333,19.72,71,100,0.71,CM,1667446089
177,fort nelson,58.8053,-122.7002,-11.23,100,75,1.34,CA,1667446090
178,mattawa,46.7379,-119.9028,5.7,64,14,1.34,US,1667446090
179,moundsville,39.9203,-80.7431,13.34,95,100,1.08,US,1667446091
180,bethel,41.3712,-73.414,12.07,82,0,0.0,US,1667446091
181,bom jardim,-7.7958,-35.5872,20.51,92,16,1.53,BR,1667446091
182,esperance,-33.8667,121.9,18.76,57,92,3.12,AU,1667446092
183,kasongo-lunda,-6.4667,16.8167,19.51,99,100,0.46,CD,1667446092
184,ngunguru,-35.6167,174.5,18.85,96,100,4.26,NZ,1667446092
185,rio gallegos,-51.6226,-69.2181,13.03,62,0,6.17,AR,1667446093
186,nanortalik,60.1432,-45.2371,0.3,73,100,5.04,GL,1667446093
187,portland,45.5234,-122.6762,7.49,91,100,3.09,US,1667446094
188,esil,51.9556,66.4042,1.14,90,100,7.84,KZ,1667446094
189,dayong,25.0209,118.2898,25.49,60,100,1.49,CN,1667446094
190,akdepe,42.0551,59.3788,3.05,64,100,2.89,TM,1667446095
191,tucumcari,35.1717,-103.725,16.64,50,0,2.06,US,1667446096
192,saint-avertin,47.3636,0.7399,11.1,89,0,3.09,FR,1667446096
193,uvarovka,55.5278,35.6061,-2.14,90,24,1.29,RU,1667446097
194,dunedin,-45.8742,170.5036,12.75,82,79,1.71,NZ,1667446097
195,imbituba,-28.24,-48.6703,13.8,87,71,2.69,BR,1667446097
196,ust-maya,60.4167,134.5333,-13.39,89,100,1.63,RU,1667446098
197,gazanjyk,39.2446,55.5154,10.29,51,4,4.48,TM,1667446098
198,kaitangata,-46.2817,169.8464,16.42,49,54,3.18,NZ,1667446099
199,pangnirtung,66.1451,-65.7125,-5.34,71,100,1.93,CA,1667446099
200,bolobo,-2.1667,16.2333,21.89,96,100,0.43,CD,1667446099
201,chara,56.9064,118.2631,-10.32,68,97,1.04,RU,1667446100
202,voznesenka,46.8717,35.4646,7.99,69,62,3.99,UA,1667446100
203,jamestown,42.097,-79.2353,9.8,92,0,0.45,US,1667446100
204,grove city,39.8815,-83.093,10.94,94,75,1.54,US,1667445835
205,grindsted,55.754,8.9123,10.36,87,75,5.66,DK,1667446102
206,koboko,3.4136,30.9599,16.65,89,99,0.78,UG,1667446102
207,vardo,70.3705,31.1107,4.81,91,93,10.79,NO,1667446102
208,mount gambier,-37.8333,140.7667,13.32,61,87,4.22,AU,1667446103
209,gidole,5.65,37.3667,12.57,77,23,0.87,ET,1667446103
210,aykhal,66.0,111.5,-17.57,97,100,6.98,RU,1667446104
211,kjollefjord,70.9457,27.3465,4.03,87,20,9.26,NO,1667446104
212,nizhniy kuranakh,58.8353,125.4869,-10.08,87,40,1.38,RU,1667446105
213,sinop,41.7711,34.8709,10.4,43,37,3.32,TR,1667446105
214,bago,17.3367,96.4797,28.26,72,3,2.14,MM,1667446105
215,leningradskiy,69.3833,178.4167,-19.32,91,87,4.34,RU,1667446106
216,goderich,43.7501,-81.7165,11.18,82,0,2.57,CA,1667446106
217,merauke,-8.4667,140.3333,31.16,64,96,5.26,ID,1667446106
218,margate,51.3813,1.3862,15.73,89,99,3.13,GB,1667446107
219,mahebourg,-20.4081,57.7,24.58,73,40,4.12,MU,1667446107
220,kaeo,-35.1,173.7833,20.18,92,100,1.88,NZ,1667446107
221,fortuna,40.5982,-124.1573,7.59,94,0,2.06,US,1667446108
222,sola,-13.8833,167.55,29.37,74,75,0.0,VU,1667446108
223,janakpur,26.7183,85.9065,23.21,57,0,0.83,NP,1667446109
224,ponte de sor,39.2496,-8.0101,13.73,90,100,1.79,PT,1667446109
225,teguldet,57.3064,88.1667,-2.24,83,58,1.47,RU,1667446110
226,falciu,46.2961,28.1408,10.14,79,26,2.71,RO,1667446110
227,port lincoln,-34.7333,135.8667,14.33,60,78,3.92,AU,1667446105
228,tasiilaq,65.6145,-37.6368,1.09,72,100,2.2,GL,1667446110
229,cuddapah,14.4667,78.8167,24.34,86,71,0.78,IN,1667446111
230,saryozek,44.3583,77.9753,6.81,94,100,2.23,KZ,1667446111
231,rosenberg,49.0748,19.3075,3.33,95,10,0.54,SK,1667446111
232,komsomolskiy,40.4272,71.7189,10.4,87,75,2.06,UZ,1667446112
233,mabama,-5.1333,32.5333,19.34,44,57,1.93,TZ,1667446112
234,hami,42.8,93.45,10.38,30,0,1.35,CN,1667446113
235,batagay-alyta,67.8006,130.4114,-12.01,84,100,1.62,RU,1667446113
236,bulgan,48.8125,103.5347,-3.14,51,3,1.48,MN,1667446113
237,lompoc,34.6391,-120.4579,11.68,89,20,2.57,US,1667446114
238,airai,-8.9266,125.4092,24.75,58,39,0.62,TL,1667446114
239,toda raisingh,26.0252,75.4849,25.29,29,4,2.01,IN,1667446115
240,la macarena,2.1837,-73.7849,16.91,96,100,2.76,CO,1667446115
241,luderitz,-26.6481,15.1594,13.0,92,48,2.05,NA,1667446115
242,faanui,-16.4833,-151.75,25.1,80,100,5.84,PF,1667446116
243,casablanca,33.5928,-7.6192,20.18,82,77,1.79,MA,1667446116
244,pangody,65.85,74.4859,-12.14,91,93,3.35,RU,1667446117
245,bengkulu,-3.8004,102.2655,25.86,80,100,0.5,ID,1667445847
246,broken hill,-31.95,141.4333,16.19,46,81,5.04,AU,1667446117
247,tuatapere,-46.1333,167.6833,15.86,44,96,4.72,NZ,1667446118
248,ternate,0.8,127.4,29.52,67,100,1.71,ID,1667446118
249,arraial do cabo,-22.9661,-42.0278,20.43,64,100,7.97,BR,1667446118
250,masaka,-0.3338,31.7341,16.52,85,100,2.28,UG,1667446119
251,konongo,6.6167,-1.2167,21.53,98,52,0.72,GH,1667446119
252,vaitape,-16.5167,-151.75,25.13,80,100,6.22,PF,1667446119
253,rawson,-43.3002,-65.1023,15.05,51,0,8.31,AR,1667446120
254,kandi,11.1342,2.9386,23.22,34,12,1.49,BJ,1667446120
255,cherskiy,68.75,161.3,-21.21,89,100,2.53,RU,1667446121
256,dombarovskiy,50.7587,59.5386,-1.69,85,100,6.45,RU,1667446122
257,sangar,63.9242,127.4739,-14.11,91,100,4.77,RU,1667446122
258,vao,-22.6667,167.4833,24.59,78,1,4.08,NC,1667446122
259,ardabil,38.2498,48.2933,-3.25,100,40,0.0,IR,1667446123
260,new norfolk,-42.7826,147.0587,18.17,52,86,4.02,AU,1667446123
261,buzmeyin,38.0507,58.2056,11.85,76,100,1.03,TM,1667446124
262,ambilobe,-13.2,49.05,21.66,78,0,2.0,MG,1667446124
263,rabo de peixe,37.8,-25.5833,17.93,100,75,4.63,PT,1667446124
264,lircay,-12.9896,-74.7205,9.57,85,89,1.97,PE,1667446125
265,sao jose da coroa grande,-8.8978,-35.1478,24.51,81,11,3.5,BR,1667446125
266,ribeira grande,38.5167,-28.7,17.65,92,91,0.89,PT,1667446126
267,shihezi,44.3,86.0333,8.02,54,9,0.19,CN,1667446126
268,newport,51.5877,-2.9984,10.91,90,100,5.15,GB,1667446126
269,tambun,-6.2641,107.0712,31.02,62,40,4.12,ID,1667446127
270,port-gentil,-0.7193,8.7815,24.28,89,100,3.16,GA,1667446127
271,sioux lookout,50.1001,-91.917,17.04,48,75,6.69,CA,1667446127
272,cabinda,-5.55,12.2,25.02,90,98,2.62,AO,1667446128
273,aksum,14.1245,38.7244,12.86,57,6,1.67,ET,1667446128
274,barstow,34.8986,-117.0228,10.55,40,22,10.18,US,1667446128
275,shahumyan,39.9385,44.5697,2.18,41,8,0.86,AM,1667446129
276,matara,5.9485,80.5353,27.24,78,74,4.78,LK,1667446129
277,kenora,49.8167,-94.4337,14.54,67,40,5.14,CA,1667446130
278,christchurch,-43.5333,172.6333,23.51,58,5,4.12,NZ,1667445850
279,hakkari,37.5833,44.1667,-4.12,93,20,1.03,TR,1667446130
280,leshukonskoye,64.8989,45.7622,-5.0,86,6,1.5,RU,1667446131
281,walvis bay,-22.9575,14.5053,12.83,94,53,2.06,NA,1667446131
282,raga,8.4596,25.678,20.25,36,100,1.67,SS,1667446131
283,dalmatovo,56.26,62.9362,-1.85,92,52,3.85,RU,1667446132
284,aswan,24.0934,32.907,18.14,54,11,3.91,EG,1667446132
285,kavaratti,10.5669,72.642,27.94,67,2,4.13,IN,1667446132
286,shingu,33.7333,135.9833,22.72,59,0,2.67,JP,1667445945
287,codrington,-38.2667,141.9667,13.51,68,68,6.25,AU,1667446134
288,colac,-38.3333,143.5833,14.54,59,98,4.43,AU,1667446134
289,byron bay,-28.65,153.6167,21.64,42,15,4.86,AU,1667446000
290,rudnogorsk,57.2639,103.7519,-2.84,78,100,3.01,RU,1667446134
291,wucheng,29.6008,118.175,21.31,60,35,0.91,CN,1667446135
292,galveston,29.3669,-94.9669,22.32,90,100,4.63,US,1667446136
293,arman,59.7,150.1667,-3.32,72,100,4.18,RU,1667446136
294,hithadhoo,-0.6,73.0833,27.25,76,100,7.03,MV,1667446137
295,pascagoula,30.3658,-88.5561,19.67,95,0,0.0,US,1667446138
296,lagoa,39.05,-27.9833,17.6,78,83,7.84,PT,1667446139
297,sibu,2.3,111.8167,30.17,74,40,0.51,MY,1667446096
298,tateyama,34.9833,139.8667,22.25,65,2,8.73,JP,1667446081
299,keti bandar,24.1447,67.4497,27.32,64,0,4.16,PK,1667446139
300,ancud,-41.8697,-73.8203,11.11,84,0,1.55,CL,1667446140
301,camden,39.7835,-74.9663,14.77,61,99,1.76,US,1667446140
302,salinas,36.6777,-121.6555,11.29,75,20,2.57,US,1667446141
303,kavieng,-2.5744,150.7967,29.32,68,59,0.46,PG,1667446142
304,birnin kebbi,12.4539,4.1975,25.29,26,90,3.69,NG,1667446142
305,khani,41.9563,42.9566,2.76,61,93,1.42,GE,1667446142
306,provideniya,64.3833,-173.3,-8.94,48,0,5.81,RU,1667446143
307,longyearbyen,78.2186,15.6401,1.91,93,75,3.09,SJ,1667446143
308,nouadhibou,20.931,-17.0347,22.15,62,6,5.74,MR,1667446144
309,sao gabriel da cachoeira,-0.1303,-67.0892,21.49,88,100,1.07,BR,1667446144
310,buala,-8.145,159.5921,28.89,74,73,0.58,SB,1667446144
311,mantua,45.1667,10.7833,15.58,91,99,0.47,IT,1667446145
312,magadan,59.5667,150.8,-3.59,75,100,7.06,RU,1667446145
313,conceicao do araguaia,-8.2578,-49.2647,23.4,81,100,1.65,BR,1667446146
314,panna,24.7167,80.2,22.64,52,0,2.4,IN,1667446146
315,karimganj,24.8667,92.35,24.48,73,83,1.21,IN,1667446146
316,hualmay,-11.0964,-77.6139,17.1,84,99,2.96,PE,1667446147
317,xapuri,-10.6517,-68.5044,19.48,40,88,2.32,BR,1667446147
318,sheregesh,52.9209,87.9869,0.27,58,57,1.52,RU,1667446147
319,palestine,31.9216,35.2033,13.85,92,11,0.78,PS,1667446148
320,kisangani,0.5167,25.2,20.5,99,100,0.35,CD,1667446148
321,cockburn town,21.4612,-71.1419,27.5,73,76,8.34,TC,1667446149
322,nemuro,43.3236,145.575,12.83,61,100,7.54,JP,1667445924
323,ahipara,-35.1667,173.1667,19.91,75,85,3.31,NZ,1667446149
324,karpogory,64.0019,44.4451,-3.19,93,15,1.7,RU,1667446150
325,soyo,-6.1349,12.3689,25.13,88,94,3.06,AO,1667446151
326,kestel,40.1983,29.2124,15.19,43,8,0.57,TR,1667446151
327,mezen,65.8522,44.24,-3.71,74,13,1.19,RU,1667446151
328,zhigansk,66.7697,123.3711,-12.17,95,100,6.97,RU,1667446152
329,lubango,-14.9172,13.4925,17.47,72,82,0.97,AO,1667446152
330,sfantu gheorghe,45.8667,25.7833,9.4,92,87,0.61,RO,1667446152
331,mushie,-3.0167,16.9,20.81,97,100,0.1,CD,1667446153
332,wajima,37.4,136.9,19.38,63,75,5.66,JP,1667445973
333,pergamino,-33.89,-60.5736,13.43,30,0,2.98,AR,1667446154
334,saint-joseph,-21.3667,55.6167,24.21,78,23,4.29,RE,1667446154
335,hobyo,5.3505,48.5268,26.29,71,34,2.63,SO,1667446155
336,kenai,60.5544,-151.2583,0.61,97,100,1.54,US,1667446155
337,muhororo,0.9381,30.7594,16.2,98,100,0.66,UG,1667446155
338,kirovskiy,45.0917,133.5136,1.45,36,7,6.66,RU,1667446156
339,novoagansk,61.9449,76.6625,-1.4,96,100,4.81,RU,1667446156
340,kieta,-6.2167,155.6333,28.58,77,100,0.76,PG,1667446157
341,port hardy,50.6996,-127.4199,2.1,100,75,1.03,CA,1667446157
342,brigantine,39.4101,-74.3646,15.01,94,100,4.01,US,1667446158
343,adrasmon,40.6472,69.9856,5.98,78,46,2.74,TJ,1667446158
344,marystown,47.1666,-55.1483,4.1,67,80,12.21,CA,1667446158
345,hambantota,6.1241,81.1185,28.19,83,40,2.57,LK,1667446159
346,severo-kurilsk,50.6789,156.125,6.7,88,100,4.49,RU,1667446159
347,marawi,7.9986,124.2928,27.38,65,85,1.35,PH,1667445472
348,taltal,-25.4,-70.4833,16.58,72,31,2.03,CL,1667446159
349,perth,-31.9333,115.8333,30.37,32,0,6.69,AU,1667445623
350,ulladulla,-35.35,150.4667,15.32,59,84,3.76,AU,1667446024
351,mount isa,-20.7333,139.5,25.87,14,0,6.69,AU,1667446160
352,edd,13.9297,41.6925,27.7,66,5,1.97,ER,1667446161
353,berlevag,70.8578,29.0864,2.89,87,20,6.17,NO,1667446162
354,kidal,18.4411,1.4078,21.83,18,0,4.64,ML,1667446163
355,prince rupert,54.3161,-130.3201,4.83,62,100,9.77,CA,1667446163
356,faya,18.3851,42.4509,13.29,87,6,0.47,SA,1667446163
357,aviles,43.5547,-5.9248,13.66,82,100,0.0,ES,1667446164
358,yumen,40.2833,97.2,7.22,33,0,1.35,CN,1667446164
359,olafsvik,64.8945,-23.7142,3.59,76,91,9.45,IS,1667446164
360,krasnoselkup,65.7,82.4667,-18.39,99,45,1.69,RU,1667446165
361,chupa,66.27,33.0549,0.88,90,100,2.44,RU,1667446165
362,moyale,3.5167,39.0584,17.94,90,1,2.19,KE,1667446165
363,guerrero negro,27.9769,-114.0611,18.82,70,100,5.51,MX,1667446166
364,husavik,66.0449,-17.3389,3.68,99,100,4.86,IS,1667446166
365,aden,12.7794,45.0367,26.29,75,1,5.77,YE,1667446166
366,ulaangom,49.9811,92.0667,-1.03,62,22,0.4,MN,1667446167
367,pingdu,36.7844,119.9464,8.61,75,100,5.77,CN,1667446168
368,isangel,-19.55,169.2667,31.06,62,40,1.54,VU,1667446168
369,cairns,-16.9167,145.7667,35.59,58,3,0.45,AU,1667446168
370,sumperk,49.9653,16.9706,5.19,89,37,1.12,CZ,1667446169
371,turukhansk,65.8167,87.9833,-22.28,100,89,0.91,RU,1667446169
372,clyde river,70.4692,-68.5914,-3.87,93,100,5.14,CA,1667446170
373,mingrelskaya,45.0134,38.3379,12.9,76,100,7.45,RU,1667446171
374,oktyabrskiy,54.4815,53.471,-5.31,97,78,2.18,RU,1667446171
375,ahmadpur,18.7,76.9333,21.39,60,1,2.56,IN,1667446171
376,hohhot,40.8106,111.6522,5.16,26,0,1.0,CN,1667446037
377,xiashi,30.5363,120.6864,21.01,61,25,2.77,CN,1667446172
378,kiruna,67.8557,20.2251,1.51,100,100,3.09,SE,1667446172
379,lagos,6.5833,3.75,26.18,89,100,0.64,NG,1667446173
380,ngama,11.7833,17.1667,24.73,23,100,4.26,TD,1667446173
381,boone,39.0334,-92.3335,18.14,61,0,4.57,US,1667446173
382,pevek,69.7008,170.3133,-25.08,98,56,2.14,RU,1667446174
383,manokwari,-0.8667,134.0833,29.05,67,87,1.68,ID,1667445795
384,manta,-0.95,-80.7333,20.88,88,75,3.6,EC,1667446174
385,wanaka,-44.7,169.15,15.5,46,28,6.6,NZ,1667446175
386,kochubey,44.3861,46.5825,8.0,91,100,3.54,RU,1667446175
387,mahon,39.8885,4.2658,19.31,88,40,2.57,ES,1667446175
388,kaniama,-7.5667,24.1833,18.83,96,98,1.33,CD,1667446176
389,merta,26.65,74.0333,25.23,30,2,2.07,IN,1667446176
390,caconda,-13.7333,15.0667,16.46,88,100,0.45,AO,1667446176
391,paamiut,61.994,-49.6678,-2.76,58,100,3.98,GL,1667446177
392,lavrentiya,65.5833,-171.0,-10.99,79,13,5.41,RU,1667446177
393,cuamba,-14.8031,36.5372,21.55,67,3,1.22,MZ,1667446178
394,punta alta,-38.8759,-62.0736,15.19,47,0,4.38,AR,1667446178
395,rockport,28.0206,-97.0544,24.02,90,100,2.06,US,1667446178
396,hamilton,39.1834,-84.5333,14.86,92,0,0.0,US,1667446179
397,kumluca,36.3703,30.2869,19.64,30,0,2.28,TR,1667446179
398,pacific grove,36.6177,-121.9166,11.06,84,0,2.57,US,1667446180
399,neijiang,29.5835,105.0622,17.99,79,100,2.94,CN,1667446180
400,cabra,37.4725,-4.4421,14.29,84,97,1.17,ES,1667446180
401,balabac,7.9868,117.0645,28.42,72,58,2.57,PH,1667446181
402,villazon,-22.0866,-65.5942,3.66,33,12,1.42,BO,1667446181
403,sistranda,63.7256,8.834,6.98,83,10,8.46,NO,1667446182
404,puerto asis,0.5133,-76.5007,16.81,99,100,0.31,CO,1667446182
405,bowmore,34.9421,-79.3031,17.73,84,0,2.57,US,1667446182
406,burnie,-41.0667,145.9167,16.08,53,34,5.92,AU,1667446183
407,ucluelet,48.9329,-125.5528,3.94,89,77,0.55,CA,1667446183
408,sitka,57.0531,-135.33,5.94,70,100,9.26,US,1667446184
409,chkalovsk,56.7647,43.2433,2.3,91,100,7.02,RU,1667446184
410,zhezkazgan,47.8043,67.7144,1.99,87,100,8.0,KZ,1667446184
411,aras,42.5617,-2.356,11.24,93,0,0.0,ES,1667446185
412,bontang,0.1333,117.5,28.49,72,100,1.67,ID,1667446185
413,zhiryatino,53.2228,33.7306,5.18,96,100,1.35,RU,1667446186
414,taoudenni,22.6783,-3.9836,22.46,13,7,5.23,ML,1667446186
415,solton,52.8429,86.4787,2.45,65,70,1.28,RU,1667446186
416,kondagaon,19.6,81.6667,22.38,64,0,2.25,IN,1667446187
417,shu,43.5983,73.7614,8.35,74,87,1.78,KZ,1667446187
418,eutin,54.1333,10.6167,8.15,79,100,5.92,DE,1667445939
419,orel-izumrud,43.4583,39.9244,11.01,81,100,6.0,RU,1667446188
420,manggar,-2.8833,108.2667,29.39,66,71,2.63,ID,1667446188
421,almeirim,-1.5233,-52.5817,26.03,72,78,0.35,BR,1667446188
422,la ronge,55.1001,-105.2842,-3.86,93,100,7.72,CA,1667446189
423,port shepstone,-30.7414,30.455,18.42,85,68,5.85,ZA,1667446189
424,mounana,-1.4085,13.1586,20.74,99,100,0.82,GA,1667446190
425,nioro,13.35,-15.75,24.02,68,1,2.43,GM,1667446190
426,bela,25.9333,81.9833,24.16,49,0,2.31,IN,1667446190
427,nishihara,26.1842,127.7558,28.03,70,75,6.17,JP,1667446191
428,salym,60.0625,71.4789,0.84,83,100,3.99,RU,1667446191
429,ouadda,8.0777,22.4007,19.45,41,88,1.92,CF,1667446192
430,iquitos,-3.7481,-73.2472,18.02,88,75,1.54,PE,1667446192
431,kununurra,-15.7667,128.7333,37.99,22,39,3.6,AU,1667446192
432,swan hill,-35.3378,143.5544,15.46,49,72,5.32,AU,1667446193
433,chabahar,25.2919,60.643,26.06,62,1,1.12,IR,1667446193
434,nyrob,60.733,56.7202,-0.29,90,100,2.9,RU,1667446193
435,mazagao,-0.115,-51.2894,27.03,85,92,1.48,BR,1667446194
436,anloga,5.7947,0.8973,27.05,83,97,3.51,GH,1667446194
437,geraldton,-28.7667,114.6,30.23,26,0,6.17,AU,1667446194
438,manbij,36.5281,37.9549,13.6,28,0,2.71,SY,1667446195
439,mae sai,20.4335,99.8762,25.78,55,3,0.94,TH,1667446195
440,gimli,50.6336,-96.9907,8.01,71,5,4.12,CA,1667446196
441,flinders,-34.5833,150.8552,18.36,64,74,4.71,AU,1667446196
442,nileshwar,12.25,75.1,26.44,72,64,2.08,IN,1667446196
443,yei,4.095,30.6779,17.97,96,100,0.92,SS,1667446197
444,sechura,-5.5569,-80.8222,17.19,79,32,5.2,PE,1667446197
445,dudinka,69.4058,86.1778,-13.6,95,94,6.23,RU,1667446198
446,the valley,18.217,-63.0578,27.92,76,7,5.92,AI,1667446198
447,waipawa,-41.4122,175.5153,18.38,52,0,6.81,NZ,1667446198
448,ati,13.2154,18.3353,24.41,19,100,5.73,TD,1667446199
449,qujing,25.4833,103.7833,16.04,63,0,1.29,CN,1667446199
450,shirokiy,49.758,129.523,-4.43,54,100,7.44,RU,1667446199
451,tubuala,9.5167,-79.0333,26.67,85,100,4.29,PA,1667446200
452,esmeraldas,-19.7625,-44.3139,15.17,91,100,4.02,BR,1667446201
453,garissa,-0.4536,39.6401,24.2,78,100,5.55,KE,1667446201
454,murzzuschlag,47.6,15.6833,11.05,97,93,1.93,AT,1667446202
455,birao,10.2849,22.7882,19.11,35,91,2.36,CF,1667446202
456,tirano,46.2154,10.1679,13.11,97,58,0.47,IT,1667446203
457,san sebastian,43.3128,-1.975,19.53,67,100,3.13,ES,1667446203
458,atar,20.5169,-13.0499,23.61,11,0,3.33,MR,1667446204
459,kysyl-syr,63.8986,122.7617,-5.76,95,100,2.8,RU,1667446204
460,tigil,57.8,158.6667,-6.09,85,99,1.54,RU,1667446205
461,mardin,37.3131,40.7436,8.59,37,0,1.03,TR,1667446206
462,mashhad,36.297,59.6062,11.08,93,100,3.09,IR,1667446207
463,eagle pass,28.7091,-100.4995,21.26,85,10,3.9,US,1667446207
464,blagoyevo,63.3667,47.9167,-0.74,78,100,2.3,RU,1667446207
465,fukuma,33.7667,130.4667,25.72,51,0,2.55,JP,1667446208
466,gamba,-2.65,10.0,23.6,94,100,2.27,GA,1667446208
467,rabaul,-4.1967,152.1721,28.75,72,59,1.33,PG,1667446209
468,hellin,38.5106,-1.701,16.37,86,99,0.98,ES,1667446210
469,camacha,33.0833,-16.3333,19.68,83,75,2.06,PT,1667446210
470,vertientes,21.2594,-78.1464,24.34,86,95,4.73,CU,1667446211
471,blacksburg,37.2296,-80.4139,12.09,89,75,2.06,US,1667446211
472,minsk,53.9,27.5667,5.86,96,100,2.28,BY,1667445970
473,kaspiyskiy,45.3929,47.3707,6.83,88,100,7.54,RU,1667446212
474,puerto escondido,15.85,-97.0667,26.46,69,75,1.54,MX,1667446213
475,vitim,59.4511,112.5578,-2.74,92,100,5.43,RU,1667446213
476,xichang,27.8964,102.2634,19.73,60,11,1.28,CN,1667446214
477,kahului,20.8947,-156.47,29.01,65,40,10.29,US,1667446214
478,muzhi,65.3667,64.6667,-12.24,91,70,2.98,RU,1667446214
479,vilhena,-12.7406,-60.1458,15.19,55,88,1.98,BR,1667446215
480,yeppoon,-23.1333,150.7333,24.88,43,1,4.92,AU,1667446215
481,akhalgori,42.126,44.4833,3.4,65,81,1.63,GE,1667446216
482,masuguru,-11.3667,38.4167,22.95,76,2,2.37,TZ,1667446216
483,ekhabi,53.5102,142.9671,1.54,92,100,14.05,RU,1667446217
484,villa sandino,12.0483,-84.9936,22.06,95,95,1.97,NI,1667446217
485,muravlenko,63.7898,74.523,-11.53,89,65,6.23,RU,1667446218
486,irugur,11.0167,77.0667,25.13,83,40,2.57,IN,1667446218
487,ayr,55.4627,-4.6339,9.99,76,40,6.17,GB,1667446218
488,palu,-0.8917,119.8707,32.1,57,100,0.87,ID,1667446122
489,kamenka,51.3223,42.7678,-1.92,86,22,4.79,RU,1667446219
490,xining,36.6167,101.7667,5.53,46,54,1.13,CN,1667446220
491,oistins,13.0667,-59.5333,27.05,83,75,6.17,BB,1667446220
492,mnogovershinnyy,53.9353,139.9242,-1.37,69,60,4.34,RU,1667446221
493,dembi dolo,8.5333,34.8,13.08,87,63,1.78,ET,1667446221
494,roxas,11.5853,122.7511,28.41,70,50,3.86,PH,1667446221
495,north platte,41.1239,-100.7654,14.65,48,0,2.68,US,1667446222
496,shumskiy,54.8318,99.1328,1.78,45,100,1.01,RU,1667446223
497,djenne,13.9061,-4.5533,23.99,19,9,3.8,ML,1667446223
498,sakaiminato,35.55,133.2333,20.96,60,20,5.14,JP,1667446202
499,itarema,-2.9248,-39.9167,25.06,84,29,3.53,BR,1667446225
500,estrela,-28.0611,-50.9383,7.45,97,6,1.32,BR,1667446225
501,cam ranh,11.9214,109.1591,27.98,65,20,3.6,VN,1667446024
502,amapa,1.0,-52.0,22.06,99,74,0.48,BR,1667446225
503,sangmelima,2.9333,11.9833,19.06,99,100,0.92,CM,1667446226
504,maniitsoq,65.4167,-52.9,-4.43,47,78,4.29,GL,1667446227
505,ciudad ojeda,10.1964,-71.3082,26.07,86,64,1.98,VE,1667446228
506,huarmey,-10.0681,-78.1522,17.26,87,100,2.96,PE,1667446228
507,los llanos de aridane,28.6585,-17.9182,19.51,48,75,3.6,ES,1667446229
508,presque isle,46.6811,-68.0159,2.24,59,0,0.0,US,1667446229
509,flin flon,54.7682,-101.865,-5.94,93,100,5.01,CA,1667446229
510,fukue,32.6881,128.8419,22.2,56,20,3.09,JP,1667446230
511,adrar,20.5022,-10.0711,20.51,13,0,3.98,MR,1667446230
512,griffith,41.5284,-87.4237,17.16,78,0,3.09,US,1667446231
513,san policarpo,12.1791,125.5072,29.03,73,48,3.52,PH,1667446231
514,nikolsk,53.7189,46.0712,-1.58,97,100,4.36,RU,1667446231
515,gunjur,13.2019,-16.7339,24.04,100,2,0.0,GM,1667446232
516,tazmalt,36.3868,4.3989,19.05,39,11,2.31,DZ,1667446232
517,benguela,-12.5763,13.4055,23.38,85,91,1.11,AO,1667446233
518,getashen,40.044,43.942,1.79,40,8,1.49,AM,1667446234
519,susuman,62.7833,148.1667,-20.4,97,85,0.45,RU,1667446234
520,samana,19.2056,-69.3369,24.57,89,93,2.35,DO,1667446235
521,kovur,14.4833,79.9833,24.35,90,100,2.89,IN,1667446235
522,kodinsk,58.6881,99.1844,-0.39,87,100,2.68,RU,1667446235
523,kapit,2.0167,112.9333,27.52,78,99,0.55,MY,1667446236
524,dunmore east,52.1514,-6.9861,9.82,70,32,7.33,IE,1667446236
525,gigmoto,13.7796,124.39,30.09,68,50,2.3,PH,1667446096
526,kattivakkam,13.2167,80.3167,25.05,85,99,5.23,IN,1667446237
527,naze,28.3667,129.4833,25.51,76,77,3.73,JP,1667446225
528,saint george,37.1041,-113.5841,10.7,77,75,3.09,US,1667446238
529,san juan de opoa,14.7833,-88.7,19.22,99,100,0.2,HN,1667446238
530,zhuanghe,39.7008,122.9911,6.39,27,66,5.42,CN,1667446238
531,araci,-11.3333,-38.9667,22.85,93,88,2.66,BR,1667446239
532,poum,-20.2333,164.0167,26.58,70,27,3.68,NC,1667446240
533,bowen,-20.0167,148.2333,26.13,52,0,8.09,AU,1667446240
534,ganzhou,28.8184,115.4327,21.51,51,84,2.14,CN,1667446241
535,keokuk,40.3973,-91.3849,16.29,63,0,4.12,US,1667446241
536,korla,41.7597,86.1469,11.24,33,23,5.66,CN,1667446241
537,san cristobal,7.7669,-72.225,22.1,99,99,1.59,VE,1667446242
